{
  "project_info": {
    "project_number": "981529370540",
    "firebase_url": "https://recipe-96ca4-default-rtdb.firebaseio.com",
    "project_id": "recipe-96ca4",
    "storage_bucket": "recipe-96ca4.appspot.com"
  },
  "client": [
    {
      "client_info": {
        "mobilesdk_app_id": "1:981529370540:android:3d2a474cac7172ab446409",
        "android_client_info": {
          "package_name": "com.example.myfb"
        }
      },
      "oauth_client": [
        {
          "client_id": "981529370540-4onsp15lqg92vdhb4m0n62k428hjj204.apps.googleusercontent.com",
          "client_type": 3
        }
      ],
      "api_key": [
        {
          "current_key": "AIzaSyDgwrn8sR6iNbobUVJ8l6F5X2p6tjSU9tw"
        }
      ],
      "services": {
        "appinvite_service": {
          "other_platform_oauth_client": [
            {
              "client_id": "981529370540-4onsp15lqg92vdhb4m0n62k428hjj204.apps.googleusercontent.com",
              "client_type": 3
            }
          ]
        }
      }
    },
    {
      "client_info": {
        "mobilesdk_app_id": "1:981529370540:android:c635f7d1299a5861446409",
        "android_client_info": {
          "package_name": "com.example.myrecipe"
        }
      },
      "oauth_client": [
        {
          "client_id": "981529370540-4onsp15lqg92vdhb4m0n62k428hjj204.apps.googleusercontent.com",
          "client_type": 3
        }
      ],
      "api_key": [
        {
          "current_key": "AIzaSyDgwrn8sR6iNbobUVJ8l6F5X2p6tjSU9tw"
        }
      ],
      "services": {
        "appinvite_service": {
          "other_platform_oauth_client": [
            {
              "client_id": "981529370540-4onsp15lqg92vdhb4m0n62k428hjj204.apps.googleusercontent.com",
              "client_type": 3
            }
          ]
        }
      }
    }
  ],
  "configuration_version": "1"
}